ID_Cliente,Nombre,Apellido,Sexo,Nacionalidad,Telefono,Email,FechaNac,Ocupacion
1,Koralle,Roisen,F,United Kingdom,219 785 1526,kroisen0@house.gov,4/7/1991,Cajero
2,Albrecht,Geoghegan,M,United Kingdom,138 604 0606,ageoghegan1@t-online.de,23/1/1989,Doctor
3,Donaugh,Marquese,M,United Kingdom,579 982 6055,dmarquese2@etsy.com,24/10/1989,Mesero
4,Chucho,Tussaine,M,United Kingdom,511 251 2097,ctussaine3@go.com,1/4/1994,Cocinero
5,Melisa,Elms,F,Iraq,241 177 6941,melms4@irs.gov,21/5/1985,Administrador
6,Lorry,Alpin,F,Bosnia and Herzegovina,361 890 2610,lalpin5@mail.ru,10/5/1987,Contador
7,Daffie,Dahlen,F,Czech Republic,172 632 5778,ddahlen6@bing.com,12/2/1986,Enfermero
8,Caressa,Merfin,F,United Kingdom,331 936 9599,cmerfin7@bbc.co.uk,19/9/1991,Ingeniero
9,Allyn,Niccols,F,United Kingdom,919 971 3367,aniccols8@phoca.cz,20/5/1993,Musico
10,Debora,Philps,F,United Kingdom,339 950 0236,dphilps9@google.com,8/7/1987,Mesero
11,Flory,Timberlake,F,United Kingdom,131 455 0366,ftimberlakea@prnewswire.com,3/4/1991,Cocinero
12,Meredith,Ince,M,United Kingdom,724 706 6793,minceb@lulu.com,8/2/1991,Administrador
13,Merell,Tiler,M,United Kingdom,879 547 7781,mtilerc@theguardian.com,14/8/1995,Cocinero
14,Willyt,Nesfield,F,Philippines,794 408 7054,wnesfieldd@yolasite.com,16/7/1993,Administrador
15,Boote,Erett,M,United Kingdom,738 699 2405,berette@imageshack.us,26/2/1987,Contador
16,Douglas,Cowx,M,United Kingdom,748 775 1945,dcowxf@wiley.com,22/6/1985,Doctor
17,Iorgos,Boncore,M,United Kingdom,648 739 1304,iboncoreg@aboutads.info,3/3/1986,Mesero
18,Hendrik,Torri,M,Portugal,587 295 9788,htorrih@umn.edu,18/3/1988,Cocinero
19,Jacenta,Dupoy,F,United States,503 924 9989,jdupoyi@pinterest.com,3/6/1987,Administrador
20,Berkie,Fiske,M,Portugal,733 536 0033,bfiskej@twitter.com,29/5/1986,Contador
21,Mariellen,Goring,F,Russia,421 751 2238,mgoringk@skype.com,22/2/1986,Enfermero
22,Pet,Goacher,F,Portugal,362 134 1204,pgoacherl@biblegateway.com,21/7/1987,Ingeniero
23,Crichton,Petrecz,M,United Kingdom,483 747 5711,cpetreczm@zimbio.com,24/8/1991,Musico
24,Pamelina,Ast,F,United Kingdom,498 759 8710,pastn@wix.com,26/6/1986,Mesero
25,Ludvig,Northcote,M,United Kingdom,902 182 3417,lnorthcoteo@cargocollective.com,1/9/1985,Cocinero
26,Reube,Fere,M,United Kingdom,663 562 5896,rferep@nsw.gov.au,28/8/1989,Ingeniero
27,Ramon,Aronson,M,United Kingdom,674 602 1544,raronsonq@google.co.uk,21/2/1987,Musico
28,Juliann,Barham,F,United Kingdom,581 404 6815,jbarhamr@independent.co.uk,17/3/1988,Mesero
29,Spence,Gunson,M,United Kingdom,944 725 6381,sgunsons@hhs.gov,15/6/1987,Cocinero
30,Ruttger,Lorryman,M,United Kingdom,628 980 7995,rlorrymant@phoca.cz,28/7/1988,Administrador
31,Winne,Allden,F,United Kingdom,825 714 8149,walldenu@opera.com,7/2/1987,Cocinero
32,Lucina,Bredbury,F,United Kingdom,566 697 0374,lbredburyv@sakura.ne.jp,30/11/1992,Cocinero
33,Mattheus,Bedbury,M,Sweden,379 599 9115,mbedburyw@dagondesign.com,5/5/1988,Administrador
34,Benjie,Dayley,M,Russia,329 384 9383,bdayleyx@un.org,27/7/1993,Cocinero
35,Layton,Dibbs,M,United Kingdom,569 573 8531,ldibbsy@technorati.com,15/12/1995,Administrador
36,Wayland,Bye,M,United Kingdom,314 685 6752,wbyez@usatoday.com,27/5/1992,Contador
37,Hasty,Gillan,M,United Kingdom,831 965 8397,hgillan10@tamu.edu,15/12/1985,Doctor
38,Inesita,Heggie,F,United Kingdom,971 413 8090,iheggie11@un.org,8/1/1988,Mesero
39,Port,Lapree,M,United Kingdom,592 669 9213,plapree12@timesonline.co.uk,15/5/1990,Cocinero
40,Gino,Paulot,M,United Kingdom,687 770 0995,gpaulot13@bbb.org,7/4/1990,Administrador
41,Jeanne,Linning,F,United Kingdom,327 156 1867,jlinning14@mapquest.com,28/1/1987,Contador
42,Laurene,Coling,F,United Kingdom,632 771 3767,lcoling15@usatoday.com,5/1/1993,Enfermero
43,Evered,MacKeig,M,United Kingdom,241 350 4216,emackeig16@ftc.gov,19/4/1990,Ingeniero
44,Emmerich,Morilla,M,United Kingdom,390 489 8319,emorilla17@barnesandnoble.com,22/9/1992,Musico
45,Lorrayne,Diggles,F,United Kingdom,895 509 2549,ldiggles18@jalbum.net,20/12/1991,Mesero
46,Noll,Pendry,M,United Kingdom,411 412 2939,npendry19@twitpic.com,29/5/1993,Cajero
47,Quill,Mingotti,M,United Kingdom,393 329 9224,qmingotti1a@dagondesign.com,28/4/1988,Doctor
48,Royal,Championnet,M,Uzbekistan,842 503 3573,rchampionnet1b@uiuc.edu,27/10/1993,Mesero
49,Xymenes,Dannell,M,Bolivia,196 403 3616,xdannell1c@dagondesign.com,26/1/1985,Cocinero
50,Pamella,Clemens,F,Brazil,694 260 8726,pclemens1d@hibu.com,18/4/1993,Administrador
51,Kenyon,Busch,M,Indonesia,412 504 0311,kbusch1e@1688.com,16/2/1988,Contador
52,Mavra,Scade,F,Poland,472 444 9675,mscade1f@apple.com,17/7/1993,Enfermero
53,Eddie,Gouldstraw,F,Russia,869 633 7242,egouldstraw1g@hp.com,30/1/1990,Ingeniero
54,Madalena,Aldersley,F,Poland,389 401 2009,maldersley1h@google.com,28/10/1993,Musico
55,Jemmie,Emberton,F,Iraq,810 396 6591,jemberton1i@eepurl.com,21/2/1994,Mesero
56,Kai,Mc Harg,F,Russia,864 178 7417,kmcharg1j@google.es,27/1/1991,Cocinero
57,Hyman,Segges,M,Philippines,999 683 0058,hsegges1k@alibaba.com,23/12/1993,Administrador
58,Gustavus,Adrian,M,Costa Rica,129 269 5331,gadrian1l@sbwire.com,9/4/1991,Cocinero
59,Sadella,Kneaphsey,F,Thailand,598 258 0534,skneaphsey1m@chronoengine.com,8/12/1987,Administrador
60,Gustaf,Sharrard,M,United Kingdom,357 769 3321,gsharrard1n@loc.gov,20/4/1985,Contador
61,Eldredge,Falk,M,United Kingdom,256 659 0836,efalk1o@blogs.com,9/6/1991,Doctor
62,Gal,Joddins,M,United Kingdom,338 971 6398,gjoddins1p@businesswire.com,21/11/1987,Mesero
63,Alvira,Quye,F,United Kingdom,811 916 7973,aquye1q@auda.org.au,18/1/1994,Cocinero
64,Kerrill,Boame,F,United Kingdom,157 161 7467,kboame1r@newyorker.com,8/4/1993,Administrador
65,Gwynne,Tonry,F,United Kingdom,584 372 7332,gtonry1s@marketwatch.com,5/7/1992,Contador
66,Janaye,Wride,F,United Kingdom,556 908 1227,jwride1t@list-manage.com,30/12/1989,Enfermero
67,Bat,Hardstaff,M,United Kingdom,543 482 1583,bhardstaff1u@nsw.gov.au,1/7/1992,Ingeniero
68,Dayna,Bassom,F,United Kingdom,790 336 8622,dbassom1v@ebay.com,17/10/1985,Musico
69,Sayres,Gibling,M,United Kingdom,548 497 8841,sgibling1w@ucoz.ru,14/6/1989,Mesero
70,Rosalia,Drain,F,United Kingdom,856 312 6394,rdrain1x@topsy.com,24/11/1989,Cocinero
71,Sasha,Jickells,F,United Kingdom,379 820 8864,sjickells1y@gizmodo.com,10/12/1990,Ingeniero
72,Sebastien,Prowse,M,United Kingdom,325 817 5256,sprowse1z@unc.edu,11/2/1987,Musico
73,Mack,Partrick,M,United Kingdom,134 128 5044,mpartrick20@de.vu,3/3/1985,Enfermero
74,Kip,Ambrozik,M,United Kingdom,517 546 2186,kambrozik21@comcast.net,28/10/1988,Ingeniero
75,Patrica,Ranby,F,United Kingdom,900 514 8514,pranby22@blog.com,17/2/1992,Musico
76,Harri,Villalta,F,United Kingdom,166 723 8651,hvillalta23@alibaba.com,29/7/1995,Mesero
77,Blair,Simoes,F,United Kingdom,956 136 1091,bsimoes24@yahoo.co.jp,4/8/1985,Cajero
78,Godiva,Spurdens,F,United Kingdom,582 257 7638,gspurdens25@usa.gov,21/9/1987,Doctor
79,Cesar,Charteris,M,United Kingdom,230 215 0483,ccharteris26@typepad.com,16/6/1992,Mesero
80,Alexandre,MattiCCI,M,United Kingdom,593 687 9499,amatticci27@bloglines.com,28/9/1990,Cocinero
81,Lazaro,Jeffcoate,M,United Kingdom,186 499 5630,ljeffcoate28@ycombinator.com,28/10/1986,Administrador
82,Sarena,Heinicke,F,United Kingdom,215 350 1478,sheinicke29@nba.com,30/10/1989,Contador
83,Ramsey,Antonio,M,Philippines,168 428 9965,rantonio2a@apple.com,22/4/1987,Enfermero
84,Frasco,Fitzsymon,M,United Kingdom,562 709 5119,ffitzsymon2b@hostgator.com,4/4/1990,Ingeniero
85,Warner,Renne,M,Nicaragua,191 330 6942,wrenne2c@histats.com,5/9/1995,Musico
86,Minne,Scanterbury,F,United Kingdom,908 202 1417,mscanterbury2d@shareasale.com,9/4/1994,Mesero
87,Rhett,Finn,M,United Kingdom,200 521 1358,rfinn2e@ustream.tv,18/8/1993,Administrador
88,Laural,Montes,F,United Kingdom,573 133 4721,lmontes2f@google.pl,7/11/1995,Contador
89,Rhett,Scoates,M,United Kingdom,578 767 0926,rscoates2g@youku.com,31/10/1985,Enfermero
90,Fianna,O'Hanlon,F,United Kingdom,410 949 9280,fohanlon2h@wisc.edu,28/2/1992,Ingeniero
91,Bernadette,Saintpierre,F,United Kingdom,351 592 4389,bsaintpierre2i@archive.org,3/10/1986,Musico
92,Natassia,Jahan,F,United Kingdom,318 503 2103,njahan2j@networksolutions.com,16/2/1995,Mesero
93,Arch,Melsome,M,United Kingdom,241 739 7051,amelsome2k@google.com.au,27/12/1990,Cocinero
94,Leonanie,Lievesley,F,United Kingdom,802 999 1457,llievesley2l@amazon.co.uk,21/4/1988,Ingeniero
95,Ray,Crangle,M,United Kingdom,970 757 2764,rcrangle2m@ox.ac.uk,8/11/1987,Musico
96,Kaycee,Lambertini,F,United Kingdom,407 862 1148,klambertini2n@google.ru,27/3/1989,Enfermero
97,Haroun,Mougin,M,United Kingdom,588 194 3691,hmougin2o@odnoklassniki.ru,20/12/1995,Ingeniero
98,Rozanna,Rowaszkiewicz,F,United Kingdom,570 253 6356,rrowaszkiewicz2p@goo.gl,9/10/1994,Musico
99,Guss,Ledson,M,United Kingdom,360 780 9768,gledson2q@europa.eu,28/6/1989,Mesero
100,Waylin,McGucken,M,United Kingdom,941 673 9713,wmcgucken2r@rediff.com,22/2/1993,Mesero
101,Ulrica,Mousdall,F,United Kingdom,427 523 1452,umousdall2s@blogspot.com,15/7/1986,Cocinero
102,Leslie,Presho,M,Colombia,459 716 6061,lpresho2t@opensource.org,8/10/1985,Administrador
103,Whit,Gouth,M,United Kingdom,202 968 6785,wgouth2u@bloomberg.com,2/8/1987,Cocinero
104,Cale,Ogley,M,United Kingdom,563 937 7892,cogley2v@google.es,2/7/1992,Cocinero
105,Delia,Snape,F,Poland,715 306 2121,dsnape2w@mapquest.com,15/4/1990,Administrador
106,Noelle,Fattori,F,United Kingdom,224 358 7470,nfattori2x@abc.net.au,10/4/1986,Cocinero
107,Maurie,Poutress,M,United Kingdom,217 115 2808,mpoutress2y@yelp.com,13/3/1991,Administrador
108,Gerri,Sclanders,F,Brazil,522 583 2008,gsclanders2z@usda.gov,18/5/1995,Contador
109,Elsa,Leyson,F,Japan,324 534 8727,eleyson30@nytimes.com,20/4/1995,Doctor
110,Terese,Dibdale,F,Russia,287 653 3302,tdibdale31@yelp.com,25/2/1985,Mesero
111,Konstance,Varnes,F,Sweden,825 862 8041,kvarnes32@cbsnews.com,26/5/1991,Cocinero
112,Desiri,Grundell,F,Colombia,133 144 6162,dgrundell33@yellowpages.com,3/2/1995,Administrador
113,Ynes,Summerell,F,United Kingdom,724 860 4387,ysummerell34@hexun.com,11/5/1993,Contador
114,Horatio,Odgaard,M,United Kingdom,430 916 9431,hodgaard35@google.de,28/7/1988,Enfermero
115,Hildagarde,Neeson,F,Indonesia,471 362 2635,hneeson36@noaa.gov,23/9/1987,Ingeniero
116,Dael,Moppett,M,United Kingdom,279 190 6691,dmoppett37@jimdo.com,5/8/1994,Musico
117,Jase,Borsay,M,United Kingdom,692 610 5413,jborsay38@hubpages.com,23/8/1985,Mesero
118,Derron,Wakerley,M,United Kingdom,908 388 3409,dwakerley39@about.me,30/1/1988,Cajero
119,Danya,MacAvddy,F,United Kingdom,265 758 8637,dmacavddy3a@google.fr,15/8/1993,Doctor
120,Victor,O'Heyne,M,United Kingdom,950 361 8678,voheyne3b@symantec.com,18/4/1990,Mesero
121,Estele,Malden,F,United Kingdom,873 742 5959,emalden3c@home.pl,8/5/1988,Cocinero
122,Gaspard,Bowell,M,United Kingdom,137 763 4568,gbowell3d@i2i.jp,4/1/1990,Administrador
123,Artemas,Padrick,M,United Kingdom,503 488 6171,apadrick3e@ted.com,20/10/1990,Contador
124,Yankee,Raiman,M,United Kingdom,242 436 6079,yraiman3f@eventbrite.com,2/11/1992,Enfermero
125,Maurizia,Lote,F,United Kingdom,413 435 9744,mlote3g@sfgate.com,19/5/1986,Ingeniero
126,Ram,Bootman,M,Czech Republic,646 889 0473,rbootman3h@discuz.net,12/4/1995,Musico
127,Inessa,Warman,F,United Kingdom,616 362 6007,iwarman3i@51.la,25/5/1985,Mesero
128,Keeley,Bristow,F,United Kingdom,900 746 3605,kbristow3j@state.gov,30/6/1991,Cocinero
129,Shelia,Semour,F,United Kingdom,642 738 6198,ssemour3k@washington.edu,29/11/1986,Administrador
130,Paloma,O'Leary,F,United Kingdom,650 646 3099,poleary3l@yolasite.com,26/8/1986,Cocinero
131,Willi,Jaggar,M,Mexico,247 974 4733,wjaggar3m@myspace.com,6/10/1994,Administrador
132,Liza,Bolgar,F,Indonesia,567 240 0318,lbolgar3n@uol.com.br,31/12/1988,Contador
133,Cesya,Bugge,F,Russia,945 594 7584,cbugge3o@irs.gov,2/1/1989,Doctor
134,Madelena,Jeavon,F,Indonesia,356 497 8624,mjeavon3p@xing.com,21/10/1992,Mesero
135,Georges,Conyers,M,Peru,234 712 5530,gconyers3q@berkeley.edu,6/6/1992,Cocinero
136,Ardyce,Masic,F,Russia,402 827 1588,amasic3r@ucla.edu,8/6/1990,Mesero
137,Helena,Hebbron,F,United Kingdom,377 353 7868,hhebbron3s@ucla.edu,8/4/1986,Cocinero
138,Edin,Minerdo,F,United Kingdom,906 320 6332,eminerdo3t@scientificamerican.com,27/6/1992,Administrador
139,Arlie,Winterton,F,United Kingdom,651 136 6414,awinterton3u@sbwire.com,3/11/1989,Contador
140,Dennie,Roullier,M,United Kingdom,802 902 9734,droullier3v@theatlantic.com,16/3/1990,Enfermero
141,Shawnee,Iacobini,F,United Kingdom,101 287 6397,siacobini3w@rambler.ru,16/12/1986,Ingeniero
142,Monti,Butts,M,United Kingdom,203 899 7015,mbutts3x@wikia.com,20/12/1995,Musico
143,Claudian,Tewes,M,United Kingdom,771 195 4110,ctewes3y@dailymail.co.uk,11/12/1994,Mesero
144,Alon,Rosenkrantz,M,United Kingdom,287 924 2396,arosenkrantz3z@sbwire.com,6/6/1988,Cocinero
145,Eddie,Pyson,M,United Kingdom,553 889 5382,epyson40@go.com,23/4/1988,Administrador
146,Corby,Tadlow,M,United Kingdom,805 192 5098,ctadlow41@networkadvertising.org,23/10/1993,Cocinero
147,Dmitri,Karlik,M,Sweden,867 583 9249,dkarlik42@seattletimes.com,13/4/1987,Administrador
148,Martita,Cleaton,F,Malaysia,713 758 7793,mcleaton43@canalblog.com,27/10/1991,Cocinero
149,Ilka,Rignall,F,Brazil,297 964 4425,irignall44@wisc.edu,2/10/1985,Administrador
150,Douglas,Bras,M,United Kingdom,890 367 6142,dbras45@uol.com.br,17/12/1990,Contador
151,Fletcher,Eisikovitsh,M,United Kingdom,698 614 7426,feisikovitsh46@ucoz.com,28/12/1985,Doctor
152,Carleen,Ciubutaro,F,United Kingdom,179 288 1131,cciubutaro47@hud.gov,8/8/1987,Mesero
153,Aurea,Freund,F,United Kingdom,805 389 7981,afreund48@jugem.jp,16/11/1994,Cocinero
154,Letty,Ausher,F,United Kingdom,553 299 9851,lausher49@answers.com,7/9/1995,Mesero
155,Bernie,Haldin,M,United Kingdom,850 139 6229,bhaldin4a@japanpost.jp,4/1/1986,Cocinero
156,Luca,Archibold,M,United Kingdom,505 707 2299,larchibold4b@hhs.gov,30/11/1987,Administrador
157,Marlee,Siege,F,United Kingdom,540 803 0400,msiege4c@moonfruit.com,9/11/1989,Contador
158,Alvira,Buttriss,F,Philippines,618 162 9670,abuttriss4d@ask.com,2/3/1987,Enfermero
159,Ingrid,Smeed,F,United Kingdom,240 534 8482,ismeed4e@squidoo.com,13/8/1993,Ingeniero
160,Padgett,Klaaassen,M,United Kingdom,167 956 4436,pklaaassen4f@usnews.com,25/1/1988,Musico
161,Clari,Mucklo,F,Poland,758 611 6269,cmucklo4g@canalblog.com,31/5/1988,Mesero
162,Brana,Castanone,F,United Kingdom,276 190 2684,bcastanone4h@slideshare.net,17/9/1988,Mesero
163,Huntley,Halward,M,United Kingdom,853 759 8279,hhalward4i@reference.com,30/3/1989,Cocinero
164,Nicolas,Symson,M,Canada,266 545 4557,nsymson4j@youtu.be,28/3/1986,Administrador
165,Algernon,Vernalls,M,Poland,453 609 4861,avernalls4k@army.mil,5/4/1987,Cocinero
166,Daryn,Vynall,F,United Kingdom,382 995 8652,dvynall4l@t-online.de,15/8/1994,Cocinero
167,Janna,Hateley,F,United Kingdom,377 500 9879,jhateley4m@state.tx.us,9/1/1994,Administrador
168,Heida,Gleed,F,Gambia,389 720 9682,hgleed4n@bigcartel.com,19/6/1991,Cocinero
169,Ash,Baggett,M,Poland,230 503 6193,abaggett4o@usgs.gov,6/12/1991,Administrador
170,Jenny,Philippson,F,United Kingdom,191 439 8038,jphilippson4p@hhs.gov,7/8/1990,Contador
171,Giorgi,Weekland,M,United Kingdom,412 960 0739,gweekland4q@sourceforge.net,17/4/1986,Doctor
172,Katharine,Quinsee,F,United Kingdom,282 556 4364,kquinsee4r@shareasale.com,24/6/1989,Mesero
173,Selina,Mursell,F,United Kingdom,558 567 8630,smursell4s@seattletimes.com,23/3/1986,Cocinero
174,Nelie,Berg,F,United Kingdom,784 745 4193,nberg4t@washingtonpost.com,2/12/1987,Administrador
175,Gallard,Fowell,M,United Kingdom,872 694 5899,gfowell4u@youku.com,8/4/1988,Contador
176,Darrell,Searby,M,United Kingdom,262 316 5994,dsearby4v@wunderground.com,10/4/1990,Enfermero
177,Pincas,Rameau,M,United Kingdom,992 161 6443,prameau4w@flavors.me,19/2/1990,Ingeniero
178,Mollie,McClure,F,Portugal,749 567 3524,mmcclure4x@multiply.com,1/10/1992,Musico
179,Leonanie,Skerm,F,Philippines,922 960 5592,lskerm4y@bizjournals.com,28/8/1987,Mesero
180,Kristen,Tuley,F,Argentina,454 334 3454,ktuley4z@sun.com,6/6/1995,Cajero
181,Gabie,Squirrell,F,Ecuador,697 476 3743,gsquirrell50@lulu.com,16/8/1986,Doctor
182,Darby,Naden,M,United Kingdom,434 511 3175,dnaden51@digg.com,26/6/1987,Mesero
183,Rock,Warmisham,M,United Kingdom,423 360 4331,rwarmisham52@fastcompany.com,8/8/1992,Cocinero
184,Baillie,Durran,M,Argentina,747 815 2292,bdurran53@wunderground.com,9/3/1991,Administrador
185,Berny,Stuckow,M,Russia,466 423 3446,bstuckow54@twitpic.com,7/3/1987,Contador
186,Solomon,Norvel,M,Brazil,426 538 8745,snorvel55@nytimes.com,6/2/1993,Musico
187,Terrye,Donneely,F,United Kingdom,467 223 5602,tdonneely56@army.mil,18/10/1987,Mesero
188,Mathilda,Venturoli,F,United Kingdom,633 980 4363,mventuroli57@twitter.com,2/3/1994,Cajero
189,Valentine,Franchyonok,M,United Kingdom,382 169 7669,vfranchyonok58@unesco.org,13/11/1991,Doctor
190,Ansell,Cheasman,M,United Kingdom,448 872 7299,acheasman59@nymag.com,19/4/1989,Mesero
191,Alva,Gavriel,M,United Kingdom,675 197 1487,agavriel5a@amazon.co.jp,30/11/1989,Cocinero
192,Jorrie,Ainsworth,F,United Kingdom,755 239 6892,jainsworth5b@deviantart.com,27/11/1989,Musico
193,Dinah,Bernadot,F,United Kingdom,577 822 1181,dbernadot5c@ucsd.edu,8/11/1985,Mesero
194,Nolly,Albrook,M,United Kingdom,946 795 8517,nalbrook5d@biglobe.ne.jp,22/5/1993,Cajero
195,Freeland,Lefley,M,United Kingdom,869 673 0633,flefley5e@paypal.com,27/5/1985,Doctor
196,Hervey,Maletratt,M,United Kingdom,711 690 1291,hmaletratt5f@sakura.ne.jp,25/8/1987,Mesero
197,Raf,Attwoull,F,United Kingdom,574 179 7133,rattwoull5g@gizmodo.com,21/4/1995,Cocinero
198,Missie,Regis,F,United Kingdom,201 140 1456,mregis5h@exblog.jp,29/7/1994,Administrador
199,Mattie,Profit,M,United Kingdom,872 771 8236,mprofit5i@earthlink.net,20/1/1992,Contador
200,Zebulon,Gehrts,M,United Kingdom,492 659 7683,zgehrts5j@arizona.edu,18/7/1992,Cajero